id;titulo;sumary;slogan;code;fecha_pub;sinopsis;storyline;logline;imagen;imagen_content_type
1;Infrastructure Credit Card Account application;Senior Inlet port;mobile Walk;overriding Self-enabling Licensed;XSS index Bacon;Fantastic Frozen Bike;bus yellow;Guyana;../fake-data/blob/hipster.png;image/png
2;digital Salad;protocol AGP Guinea;one-to-one;Pennsylvania;Borders Credit Card Account Investment Account;Small Soft Keyboard;connect Investment Account;Kentucky Rhode Island Analyst;../fake-data/blob/hipster.png;image/png
3;Incredible;Intelligent;web services hack;Industrial;Handmade Auto Loan Account Nebraska;grey;Associate Infrastructure;Arizona;../fake-data/blob/hipster.png;image/png
4;cross-media infrastructures Nebraska;Fresh reboot;Table;Engineer Home Loan Account;deposit;Car;generating;bus bleeding-edge;../fake-data/blob/hipster.png;image/png
5;Designer;red Bypass ivory;Mouse Dong bi-directional;Garden;Gorgeous Rubber Chips Virtual;Quality;overriding Interactions Mobility;Specialist withdrawal;../fake-data/blob/hipster.png;image/png
6;system Virgin Islands, British Global;ROI;bluetooth Hat 3rd generation;Syrian Pound Flat world-class;synergistic Refined;Cheese Principal Granite;Principal;Garden French Guiana;../fake-data/blob/hipster.png;image/png
7;International extend;Engineer Distributed application;Money Market Account;optimize Cape;Solutions multi-byte;ivory Customer Health;paradigms;Pants;../fake-data/blob/hipster.png;image/png
8;Liberian Dollar Reverse-engineered;orchid;Missouri open-source;Liaison Bedfordshire function;cultivate Kids Paradigm;quantify Small Steel Keyboard Personal Loan Account;Australian Dollar Car circuit;Street Distributed best-of-breed;../fake-data/blob/hipster.png;image/png
9;Baht Berkshire;Fantastic multi-tasking;parsing South Dakota;Boliviano Mvdol;Alaska;Kyat Lights;Toys program;Officer Planner;../fake-data/blob/hipster.png;image/png
10;Orchestrator;Human deposit SMTP;Officer Automotive Cambridgeshire;1080p;Marketing;Toys Chief leverage;multi-byte;Sleek Granite Towels Gold;../fake-data/blob/hipster.png;image/png
